<?xml version="1.0" encoding="UTF-8"?>
<project-private xmlns="http://www.netbeans.org/ns/project-private/1">
    <editor-bookmarks xmlns="http://www.netbeans.org/ns/editor-bookmarks/2" lastBookmarkId="0"/>
    <open-files xmlns="http://www.netbeans.org/ns/projectui-open-files/2">
        <group>
            <file>file:/C:/Users/Vitor55679526/Downloads/ProjetoBlusablusas%20(2)/ProjetoBlusablusas/src/projetoblusablusas/MovimentacaoCaixaa.java</file>
            <file>file:/C:/Users/Vitor55679526/Downloads/ProjetoBlusablusas%20(2)/ProjetoBlusablusas/src/projetoblusablusas/RegexValidarProduto.java</file>
            <file>file:/C:/Users/Vitor55679526/Downloads/ProjetoBlusablusas%20(2)/ProjetoBlusablusas/src/projetoblusablusas/Home.java</file>
            <file>file:/C:/Users/Vitor55679526/Downloads/ProjetoBlusablusas%20(2)/ProjetoBlusablusas/src/projetoblusablusas/TelaUsuário1.java</file>
            <file>file:/C:/Users/Vitor55679526/Downloads/ProjetoBlusablusas%20(2)/ProjetoBlusablusas/src/projetoblusablusas/CadastroProduto.java</file>
            <file>file:/C:/Users/Vitor55679526/Downloads/ProjetoBlusablusas%20(2)/ProjetoBlusablusas/src/projetoblusablusas/Rascunho23.java</file>
            <file>file:/C:/Users/Vitor55679526/Downloads/ProjetoBlusablusas%20(2)/ProjetoBlusablusas/src/projetoblusablusas/TelaConsultaa.java</file>
            <file>file:/C:/Users/Vitor55679526/Downloads/ProjetoBlusablusas%20(2)/ProjetoBlusablusas/src/projetoblusablusas/ConsultaFuncionario.java</file>
            <file>file:/C:/Users/Vitor55679526/Downloads/ProjetoBlusablusas%20(2)/ProjetoBlusablusas/src/projetoblusablusas/ProjetoBlusablusas.java</file>
            <file>file:/C:/Users/Vitor55679526/Downloads/ProjetoBlusablusas%20(2)/ProjetoBlusablusas/src/projetoblusablusas/TelaDeRelatório0.java</file>
            <file>file:/C:/Users/Vitor55679526/Downloads/ProjetoBlusablusas%20(2)/ProjetoBlusablusas/src/projetoblusablusas/CadastroFuncionario.java</file>
            <file>file:/C:/Users/Vitor55679526/Downloads/ProjetoBlusablusas%20(2)/ProjetoBlusablusas/src/projetoblusablusas/ControleDeAcesso.java</file>
            <file>file:/C:/Users/Vitor55679526/Downloads/ProjetoBlusablusas%20(2)/ProjetoBlusablusas/src/projetoblusablusas/CadastroEstoque.java</file>
            <file>file:/C:/Users/Vitor55679526/Downloads/ProjetoBlusablusas%20(2)/ProjetoBlusablusas/src/projetoblusablusas/TelaDevendas.java</file>
            <file>file:/C:/Users/Vitor55679526/Downloads/ProjetoBlusablusas%20(2)/ProjetoBlusablusas/src/projetoblusablusas/RedefinirSenha.java</file>
            <file>file:/C:/Users/Vitor55679526/Downloads/ProjetoBlusablusas%20(2)/ProjetoBlusablusas/src/projetoblusablusas/RegexValidarFuncionario.java</file>
            <file>file:/C:/Users/Vitor55679526/Downloads/ProjetoBlusablusas%20(2)/ProjetoBlusablusas/src/projetoblusablusas/conexaoBancoDeDados.java</file>
            <file>file:/C:/Users/Vitor55679526/Downloads/ProjetoBlusablusas%20(2)/ProjetoBlusablusas/src/projetoblusablusas/TelaDeLoginn.java</file>
            <file>file:/C:/Users/Vitor55679526/Downloads/ProjetoBlusablusas%20(2)/ProjetoBlusablusas/src/projetoblusablusas/TelaDeLogin.java</file>
            <file>file:/C:/Users/Vitor55679526/Downloads/ProjetoBlusablusas%20(2)/ProjetoBlusablusas/src/projetoblusablusas/TelaDeRelatório.java</file>
            <file>file:/C:/Users/Vitor55679526/Downloads/ProjetoBlusablusas%20(2)/ProjetoBlusablusas/src/projetoblusablusas/TelaRascunho.java</file>
            <file>file:/C:/Users/Vitor55679526/Downloads/ProjetoBlusablusas%20(2)/ProjetoBlusablusas/src/projetoblusablusas/MovimentacaoCaixa.java</file>
            <file>file:/C:/Users/Vitor55679526/Downloads/ProjetoBlusablusas%20(2)/ProjetoBlusablusas/src/projetoblusablusas/TelaDevendas1.java</file>
            <file>file:/C:/Users/Vitor55679526/Downloads/ProjetoBlusablusas%20(2)/ProjetoBlusablusas/src/projetoblusablusas/CadastroFuncionaario.java</file>
            <file>file:/C:/Users/Vitor55679526/Downloads/ProjetoBlusablusas%20(2)/ProjetoBlusablusas/src/Relatórios.java</file>
            <file>file:/C:/Users/Vitor55679526/Downloads/ProjetoBlusablusas%20(2)/ProjetoBlusablusas/src/relatorios/Blank_A4_1.jrxml</file>
            <file>file:/C:/Users/Vitor55679526/Downloads/ProjetoBlusablusas%20(2)/ProjetoBlusablusas/src/projetoblusablusas/relatorioprint.java</file>
            <file>file:/C:/Users/Vitor55679526/Downloads/ProjetoBlusablusas%20(2)/ProjetoBlusablusas/src/projetoblusablusas/ProdutosMaisVendidos.java</file>
        </group>
    </open-files>
</project-private>
