<?xml version="1.0" encoding="UTF-8"?>
<project-private xmlns="http://www.netbeans.org/ns/project-private/1">
    <editor-bookmarks xmlns="http://www.netbeans.org/ns/editor-bookmarks/2" lastBookmarkId="0"/>
    <open-files xmlns="http://www.netbeans.org/ns/projectui-open-files/2">
        <group>
            <file>file:/C:/Users/Vitor55679526/Downloads/ProjetoBlusablusas%20(2)/ProjetoBlusablusas/src/projetoblusablusas/TelaUsuário.java</file>
            <file>file:/C:/Users/Vitor55679526/Downloads/ProjetoBlusablusas%20(2)/ProjetoBlusablusas/src/projetoblusablusas/Home.java</file>
            <file>file:/C:/Users/Vitor55679526/Downloads/ProjetoBlusablusas%20(2)/ProjetoBlusablusas/src/projetoblusablusas/CadastroProduto.java</file>
            <file>file:/C:/Users/Vitor55679526/Downloads/ProjetoBlusablusas%20(2)/ProjetoBlusablusas/src/projetoblusablusas/TelaDevendas.java</file>
            <file>file:/C:/Users/Vitor55679526/Downloads/ProjetoBlusablusas%20(2)/ProjetoBlusablusas/src/projetoblusablusas/TelaDeRelatorio.java</file>
            <file>file:/C:/Users/Vitor55679526/Downloads/ProjetoBlusablusas%20(2)/ProjetoBlusablusas/src/projetoblusablusas/Rascunho23.java</file>
            <file>file:/C:/Users/Vitor55679526/Downloads/ProjetoBlusablusas%20(2)/ProjetoBlusablusas/src/projetoblusablusas/ProdutosMaisVendidos.java</file>
            <file>file:/C:/Users/Vitor55679526/Downloads/ProjetoBlusablusas%20(2)/ProjetoBlusablusas/src/projetoblusablusas/TelaConsulta.java</file>
            <file>file:/C:/Users/Vitor55679526/Downloads/ProjetoBlusablusas%20(2)/ProjetoBlusablusas/src/projetoblusablusas/ProjetoBlusablusas.java</file>
            <file>file:/C:/Users/Vitor55679526/Downloads/ProjetoBlusablusas%20(2)/ProjetoBlusablusas/src/projetoblusablusas/MovimentacaoCaixa.java</file>
            <file>file:/C:/Users/Vitor55679526/Downloads/ProjetoBlusablusas%20(2)/ProjetoBlusablusas/src/projetoblusablusas/CadastroFuncionario.java</file>
        </group>
    </open-files>
</project-private>
