<?xml version="1.0" encoding="UTF-8"?>
<project-private xmlns="http://www.netbeans.org/ns/project-private/1">
    <editor-bookmarks xmlns="http://www.netbeans.org/ns/editor-bookmarks/2" lastBookmarkId="0"/>
    <open-files xmlns="http://www.netbeans.org/ns/projectui-open-files/2">
        <group>
            <file>file:/C:/Users/User/OneDrive/Documentos/NetBeansProjects/ProjetoBlusablusas/src/projetoblusablusas/Home.java</file>
            <file>file:/C:/Users/User/OneDrive/Documentos/NetBeansProjects/ProjetoBlusablusas/src/projetoblusablusas/TelaDeLogin.java</file>
            <file>file:/C:/Users/User/OneDrive/Documentos/NetBeansProjects/ProjetoBlusablusas/src/projetoblusablusas/CadastroFuncionario.java</file>
            <file>file:/C:/Users/User/OneDrive/Documentos/NetBeansProjects/ProjetoBlusablusas/src/projetoblusablusas/CadastroProduto.java</file>
            <file>file:/C:/Users/User/OneDrive/Documentos/NetBeansProjects/ProjetoBlusablusas/src/projetoblusablusas/MovimentacaoCaixa.java</file>
            <file>file:/C:/Users/User/OneDrive/Documentos/NetBeansProjects/ProjetoBlusablusas/src/projetoblusablusas/TelaUsuário.java</file>
            <file>file:/C:/Users/User/OneDrive/Documentos/NetBeansProjects/ProjetoBlusablusas/src/projetoblusablusas/ProjetoBlusablusas.java</file>
            <file>file:/C:/Users/User/OneDrive/Documentos/NetBeansProjects/ProjetoBlusablusas/src/projetoblusablusas/UsuárioDeletados.java</file>
            <file>file:/C:/Users/User/OneDrive/Documentos/NetBeansProjects/ProjetoBlusablusas/src/projetoblusablusas/ProdutosMaisVendidos.java</file>
            <file>file:/C:/Users/User/OneDrive/Documentos/NetBeansProjects/ProjetoBlusablusas/src/projetoblusablusas/TelaDevendas.java</file>
            <file>file:/C:/Users/User/OneDrive/Documentos/NetBeansProjects/ProjetoBlusablusas/src/projetoblusablusas/TelaDeRelatório.java</file>
            <file>file:/C:/Users/User/OneDrive/Documentos/NetBeansProjects/ProjetoBlusablusas/src/projetoblusablusas/EscreverMensagem.java</file>
        </group>
    </open-files>
</project-private>
